AA_pos	WT Codon	AAA	AAC	AAG	AAT	ACC	ACG	ACT	AGC	AGT	ATC	ATG	ATT	CAA	CAG	CCA	CCG	CGC	CGT	CTG	GAA	GAC	GAG	GAT	GCA	GCC	GCG	GGC	GGG	GGT	GTC	GTG	GTT	TAA	TAC	TAT	TCC	TCG	TCT	TGA	TGG	TTC	TTG	TTT
31	AAC			PASS											PASS			PASS	PASS	PASS	PASS	PASS	PASS	PASS		PASS	PASS	PASS		PASS		PASS					PASS	PASS			PASS	PASS	PASS	PASS
33	TAT		PASS	PASS					PASS						PASS			PASS	PASS	PASS	PASS	PASS	PASS			PASS	PASS	PASS		PASS					PASS			PASS			PASS	PASS	PASS	PASS
47	CTG		PASS	PASS	PASS				PASS			PASS	PASS	PASS				PASS	PASS		PASS			PASS		PASS	PASS	PASS		PASS			PASS					PASS			PASS	PASS		PASS
50	AAC			PASS											PASS			PASS	PASS	PASS	PASS	PASS	PASS	PASS		PASS	PASS	PASS		PASS		PASS					PASS	PASS			PASS	PASS	PASS	PASS
53	TGG		PASS	PASS	PASS				PASS				PASS		PASS			PASS	PASS	PASS	PASS	PASS	PASS	PASS		PASS	PASS	PASS		PASS							PASS					PASS		PASS
56	TAC			PASS	PASS				PASS						PASS			PASS	PASS	PASS	PASS		PASS	PASS		PASS	PASS	PASS		PASS						PASS		PASS			PASS	PASS	PASS	PASS
57	AAC			PASS											PASS			PASS	PASS	PASS	PASS	PASS	PASS	PASS		PASS	PASS	PASS		PASS		PASS					PASS	PASS			PASS	PASS	PASS	PASS
59	TAC			PASS	PASS				PASS						PASS			PASS	PASS	PASS	PASS		PASS	PASS		PASS	PASS	PASS		PASS						PASS		PASS			PASS	PASS	PASS	PASS
100	ATT	PASS	PASS	PASS					PASS		PASS				PASS			PASS			PASS			PASS		PASS	PASS	PASS	PASS		PASS	PASS						PASS			PASS	PASS		PASS
101	CTC	PASS	PASS	PASS	PASS				PASS			PASS			PASS				PASS		PASS		PASS	PASS		PASS	PASS	PASS		PASS								PASS			PASS	PASS	PASS	PASS
102	CCG		PASS	PASS	PASS				PASS				PASS	PASS		PASS		PASS	PASS		PASS		PASS	PASS	PASS	PASS		PASS		PASS							PASS				PASS		PASS	PASS
103	TTA		PASS	PASS	PASS							PASS			PASS			PASS	PASS	PASS	PASS		PASS	PASS		PASS	PASS	PASS		PASS							PASS	PASS			PASS	PASS		PASS
104	TCG		PASS	PASS	PASS	PASS		PASS	PASS				PASS		PASS			PASS	PASS	PASS	PASS		PASS	PASS	PASS	PASS		PASS		PASS												PASS		PASS
105	GAT		PASS						PASS		PASS		PASS	PASS				PASS	PASS		PASS	PASS			PASS	PASS		PASS		PASS	PASS						PASS					PASS		PASS
106	GAT		PASS	PASS					PASS						PASS			PASS	PASS	PASS	PASS	PASS	PASS			PASS	PASS	PASS	PASS			PASS						PASS			PASS	PASS	PASS	PASS
